{"cameraMode":{"drawMode":0,"name":"Shaded","section":"Shading Mode"},"sceneLighting":true,"audioPlay":false,"sceneViewState":{"m_AlwaysRefresh":false,"showFog":true,"showSkybox":true,"showFlares":true,"showImageEffects":true,"showParticleSystems":true,"showVisualEffectGraphs":true,"m_FxEnabled":true},"in2DMode":false,"pivot":{"x":20.74683380126953,"y":-17.90240478515625,"z":13.401487350463868},"rotation":{"x":0.34448450803756716,"y":-0.44342511892318728,"z":-0.18928062915802003,"w":-0.8058045506477356},"size":1.2321486473083497,"orthographic":false}