{"cameraMode":{"drawMode":0,"name":"Shaded","section":"Shading Mode"},"sceneLighting":true,"audioPlay":false,"sceneViewState":{"m_AlwaysRefresh":false,"showFog":true,"showSkybox":true,"showFlares":true,"showImageEffects":true,"showParticleSystems":true,"showVisualEffectGraphs":true,"m_FxEnabled":true},"in2DMode":false,"pivot":{"x":0.45357179641723635,"y":-10.94417667388916,"z":10.856668472290039},"rotation":{"x":-0.3430650234222412,"y":-0.1416970044374466,"z":0.05234973505139351,"w":-0.9271798133850098},"size":13.863330841064454,"orthographic":false}