{"cameraMode":{"drawMode":0,"name":"Shaded","section":"Shading Mode"},"sceneLighting":true,"audioPlay":false,"sceneViewState":{"m_AlwaysRefresh":false,"showFog":true,"showSkybox":true,"showFlares":true,"showImageEffects":true,"showParticleSystems":true,"showVisualEffectGraphs":true,"m_FxEnabled":true},"in2DMode":false,"pivot":{"x":3.7658751010894777,"y":-8.596112251281739,"z":13.001049995422364},"rotation":{"x":0.3504183292388916,"y":-0.08874506503343582,"z":0.033337075263261798,"w":0.9319798946380615},"size":9.654956817626954,"orthographic":false}