{"cameraMode":{"drawMode":0,"name":"Shaded","section":"Shading Mode"},"sceneLighting":true,"audioPlay":false,"sceneViewState":{"m_AlwaysRefresh":false,"showFog":true,"showSkybox":true,"showFlares":true,"showImageEffects":true,"showParticleSystems":true,"showVisualEffectGraphs":true,"m_FxEnabled":true},"in2DMode":false,"pivot":{"x":47.446327209472659,"y":-0.32527118921279909,"z":15.208325386047364},"rotation":{"x":-0.2489357590675354,"y":-0.2512337267398834,"z":0.0667305588722229,"w":-0.9330905079841614},"size":0.19800812005996705,"orthographic":false}