{"cameraMode":{"drawMode":0,"name":"Shaded","section":"Shading Mode"},"sceneLighting":true,"audioPlay":false,"sceneViewState":{"m_AlwaysRefresh":false,"showFog":true,"showSkybox":true,"showFlares":true,"showImageEffects":true,"showParticleSystems":true,"showVisualEffectGraphs":true,"m_FxEnabled":true},"in2DMode":false,"pivot":{"x":3.9166836738586427,"y":-4.4620184898376469,"z":-3.4047584533691408},"rotation":{"x":-0.004908321890980005,"y":0.9754197597503662,"z":-0.021590251475572587,"w":-0.21976736187934876},"size":5.917768955230713,"orthographic":false}