{"cameraMode":{"drawMode":0,"name":"Shaded","section":"Shading Mode"},"sceneLighting":true,"audioPlay":false,"sceneViewState":{"m_AlwaysRefresh":false,"showFog":true,"showSkybox":true,"showFlares":true,"showImageEffects":true,"showParticleSystems":true,"showVisualEffectGraphs":true,"m_FxEnabled":true},"in2DMode":false,"pivot":{"x":50.90610885620117,"y":-2.8948557376861574,"z":24.371566772460939},"rotation":{"x":0.18260951340198518,"y":-0.22657902538776399,"z":0.04281997308135033,"w":0.955998957157135},"size":2.0660252571105959,"orthographic":false}