{"cameraMode":{"drawMode":0,"name":"Shaded","section":"Shading Mode"},"sceneLighting":true,"audioPlay":false,"sceneViewState":{"m_AlwaysRefresh":false,"showFog":true,"showSkybox":true,"showFlares":true,"showImageEffects":true,"showParticleSystems":true,"showVisualEffectGraphs":true,"m_FxEnabled":true},"in2DMode":false,"pivot":{"x":50.097721099853519,"y":-0.9302322864532471,"z":23.321470260620118},"rotation":{"x":-0.11400266736745835,"y":0.03188292682170868,"z":-0.00366101018153131,"w":-0.9929669499397278},"size":0.7864136099815369,"orthographic":false}