{"cameraMode":{"drawMode":0,"name":"Shaded","section":"Shading Mode"},"sceneLighting":true,"audioPlay":false,"sceneViewState":{"m_AlwaysRefresh":false,"showFog":true,"showSkybox":true,"showFlares":true,"showImageEffects":true,"showParticleSystems":true,"showVisualEffectGraphs":true,"m_FxEnabled":true},"in2DMode":false,"pivot":{"x":7.203515529632568,"y":-2.2052698135375978,"z":8.881645202636719},"rotation":{"x":0.13949617743492127,"y":0.22216826677322389,"z":-0.032245028764009479,"w":0.9646634459495544},"size":4.999124526977539,"orthographic":false}