{"cameraMode":{"drawMode":0,"name":"Shaded","section":"Shading Mode"},"sceneLighting":true,"audioPlay":false,"sceneViewState":{"m_AlwaysRefresh":false,"showFog":true,"showSkybox":true,"showFlares":true,"showImageEffects":true,"showParticleSystems":true,"showVisualEffectGraphs":true,"m_FxEnabled":true},"in2DMode":false,"pivot":{"x":5.321473121643066,"y":0.7481182813644409,"z":23.09284210205078},"rotation":{"x":-0.022161060944199563,"y":0.9011404514312744,"z":0.046314068138599399,"w":0.43074488639831545},"size":1.833481788635254,"orthographic":false}