{"cameraMode":{"drawMode":0,"name":"Shaded","section":"Shading Mode"},"sceneLighting":true,"audioPlay":false,"sceneViewState":{"m_AlwaysRefresh":false,"showFog":true,"showSkybox":true,"showFlares":true,"showImageEffects":true,"showParticleSystems":true,"showVisualEffectGraphs":true,"m_FxEnabled":true},"in2DMode":false,"pivot":{"x":42.916629791259769,"y":-9.466510772705079,"z":50.83802795410156},"rotation":{"x":0.07752661406993866,"y":0.14266827702522279,"z":-0.010999288409948349,"w":0.9867569208145142},"size":24.79169273376465,"orthographic":false}