{"cameraMode":{"drawMode":0,"name":"Shaded","section":"Shading Mode"},"sceneLighting":true,"audioPlay":false,"sceneViewState":{"m_AlwaysRefresh":false,"showFog":true,"showSkybox":true,"showFlares":true,"showImageEffects":true,"showParticleSystems":true,"showVisualEffectGraphs":true,"m_FxEnabled":true},"in2DMode":false,"pivot":{"x":13.015813827514649,"y":-10.435558319091797,"z":31.738019943237306},"rotation":{"x":-0.15896287560462953,"y":-0.23926185071468354,"z":0.0400090329349041,"w":-0.9571665525436401},"size":15.363580703735352,"orthographic":false}