{"cameraMode":{"drawMode":0,"name":"Shaded","section":"Shading Mode"},"sceneLighting":true,"audioPlay":false,"sceneViewState":{"m_AlwaysRefresh":false,"showFog":true,"showSkybox":true,"showFlares":true,"showImageEffects":true,"showParticleSystems":true,"showVisualEffectGraphs":true,"m_FxEnabled":true},"in2DMode":false,"pivot":{"x":-1.9779754877090455,"y":-8.406652450561524,"z":35.744773864746097},"rotation":{"x":-0.12976500391960145,"y":0.021854842081665994,"z":-0.002609933726489544,"w":-0.9914436936378479},"size":15.363580703735352,"orthographic":false}